{"cameraMode":{"drawMode":0,"name":"Shaded","section":"Shading Mode"},"sceneLighting":true,"audioPlay":false,"sceneViewState":{"showFog":true,"showMaterialUpdate":false,"showSkybox":true,"showFlares":true,"showImageEffects":true,"showParticleSystems":true},"in2DMode":false,"pivot":{"x":3.3577098846435549,"y":0.24727940559387208,"z":0.5397708415985107},"rotation":{"x":0.10959053039550781,"y":0.7649076581001282,"z":-0.13516229391098023,"w":0.6201914548873901},"size":11.11503791809082,"orthographic":false}